{
  "selections": {
    "mode": "SIMPLE"
  },
  "placements": {
    "placements": [
      {
        "schematic": "C:\\Users\\demar\\curseforge\\minecraft\\Instances\\time_to_work\\schematics\\TerraPerfect.litematic",
        "name": "TerraPerfect",
        "origin": [
          -471,
          59,
          413
        ],
        "rotation": "NONE",
        "mirror": "NONE",
        "ignore_entities": false,
        "enabled": true,
        "enable_render": true,
        "render_enclosing_box": false,
        "locked": false,
        "locked_coords": 0,
        "bb_color": 16757504,
        "verifier_type": "all",
        "placements": [
          {
            "name": "TerraPerfect",
            "placement": {
              "pos": [
                0,
                105,
                277
              ],
              "name": "TerraPerfect",
              "rotation": "NONE",
              "mirror": "NONE",
              "locked_coords": 0,
              "enabled": true,
              "rendering_enabled": true,
              "ignore_entities": false
            }
          }
        ]
      }
    ],
    "selected": 0,
    "origin_selected": true
  },
  "schematic_projects_manager": {},
  "operation_mode": "AREA_SELECTION",
  "render_range": {
    "mode": "SINGLE_LAYER",
    "axis": "Y",
    "layer_single": 0,
    "layer_above": 0,
    "layer_below": 120,
    "layer_range_min": 0,
    "layer_range_max": 0,
    "hotkey_range_min": false,
    "hotkey_range_max": false
  },
  "area_simple": {
    "name": "Unnamed",
    "current": "Unnamed",
    "boxes": [
      {
        "pos1": [
          -392,
          47,
          703
        ],
        "pos2": [
          -392,
          47,
          703
        ],
        "name": "Unnamed"
      }
    ]
  },
  "tool_mode_data": {
    "delete": {
      "use_placement": false
    }
  },
  "block_entities": {}
}