{
  "__comment": "Instructions: https://blakesmods.com/docs/cucumber/tags-config",
  "c:ingots/aluminum": "immersiveengineering:ingot_aluminum",
  "c:ingots/constantan": "immersiveengineering:ingot_constantan",
  "c:ingots/tin": "create_ironworks:tin_ingot",
  "c:ingots/iridium": "null",
  "c:ingots/zinc": "create:zinc_ingot",
  "c:gems/sapphire": "null",
  "c:ingots/bronze": "create_ironworks:bronze_ingot",
  "c:ingots/invar": "null",
  "c:gems/ruby": "null",
  "c:dusts/niter": "null",
  "c:ingots/electrum": "immersiveengineering:ingot_electrum",
  "c:silicon": "refinedstorage:silicon",
  "c:gems/apatite": "null",
  "c:ingots/brass": "create:brass_ingot",
  "c:ingots/silver": "immersiveengineering:ingot_silver",
  "c:dusts/saltpeter": "immersiveengineering:dust_saltpeter",
  "c:ingots/steel": "create_ironworks:steel_ingot",
  "c:rubbers": "null",
  "c:ingots/platinum": "null",
  "c:dusts/sulfur": "mekanism:dust_sulfur",
  "c:ingots/lead": "mekanism:ingot_lead",
  "c:ingots/graphite": "null",
  "c:gems/peridot": "null",
  "c:ingots/uranium": "mekanism:ingot_uranium",
  "c:ingots/nickel": "immersiveengineering:ingot_nickel"
}